{"overall_acc": 0.6348797250859106, "category_acc": {"action_recognition": 0.8333333333333334, "attribute_comparison": 0.5, "attribute_recognition": 0.7837837837837838, "celebrity_recognition": 0.797979797979798, "function_reasoning": 0.7341772151898734, "future_prediction": 0.45, "identity_reasoning": 0.9777777777777777, "image_emotion": 0.78, "image_quality": 0.3584905660377358, "image_scene": 0.9615384615384616, "image_style": 0.7547169811320755, "image_topic": 0.8333333333333334, "nature_relation": 0.375, "object_localization": 0.37037037037037035, "ocr": 0.6153846153846154, "physical_property_reasoning": 0.5066666666666667, "physical_relation": 0.4583333333333333, "social_relation": 0.813953488372093, "spatial_relationship": 0.15555555555555556, "structuralized_imagetext_understanding": 0.3076923076923077}, "l2_category_acc": {"attribute_reasoning": 0.7035175879396985, "coarse_perception": 0.7702702702702703, "finegrained_perception (cross-instance)": 0.5174825174825175, "finegrained_perception (instance-level)": 0.6518771331058021, "logic_reasoning": 0.3559322033898305, "relation_reasoning": 0.5565217391304348}}